<?xml version="1.0" encoding="UTF-8"?>

<Session>
  <Rower>
    <Name>G</Name>
  </Rower>
  <Details>
    <Date>2004-2-9-16:0:56</Date>
    <Type>1</Type>
    <Distance>500</Distance>
  </Details>
  <Stroke>
    <Time>0.0</Time>
    <Distance>0.0</Distance>
    <Split>0.0</Split>
    <Power>-1.0</Power>
    <SPM>-1</SPM>
    <CaloriesPerHour>0.0</CaloriesPerHour>
    <HR>-1</HR>
  </Stroke>
  <Stroke>
    <Time>10.0</Time>
    <Distance>100</Distance>
    <Split>0.0</Split>
    <Power>-1.0</Power>
    <SPM>-1</SPM>
    <CaloriesPerHour>0.0</CaloriesPerHour>
    <HR>-1</HR>
  </Stroke>
  <Stroke>
    <Time>20.0</Time>
    <Distance>150</Distance>
    <Split>0.0</Split>
    <Power>-1.0</Power>
    <SPM>-1</SPM>
    <CaloriesPerHour>0.0</CaloriesPerHour>
    <HR>-1</HR>
  </Stroke>
  <Stroke>
    <Time>30.0</Time>
    <Distance>300</Distance>
    <Split>0.0</Split>
    <Power>-1.0</Power>
    <SPM>-1</SPM>
    <CaloriesPerHour>0.0</CaloriesPerHour>
    <HR>-1</HR>
  </Stroke>
  <Stroke>
    <Time>40.0</Time>
    <Distance>425</Distance>
    <Split>0.0</Split>
    <Power>-1.0</Power>
    <SPM>-1</SPM>
    <CaloriesPerHour>0.0</CaloriesPerHour>
    <HR>-1</HR>
  </Stroke>
  <Stroke>
    <Time>50.0</Time>
    <Distance>500</Distance>
    <Split>0.0</Split>
    <Power>-1.0</Power>
    <SPM>-1</SPM>
    <Calories>0.0</Calories>
    <HR>-1</HR>
  </Stroke>
</Session>