<?xml version="1.0" encoding="UTF-8"?>

<Session>
  <Rower>
    <Name>G</Name>
  </Rower>
  <Details>
    <Date>2004-2-9-20:9:42</Date>
    <Type>1</Type>
    <Distance>20</Distance>
  </Details>
  <Stroke>
    <Time>0.0</Time>
    <Distance>0.0</Distance>
    <Split>0.0</Split>
    <Power>-1.0</Power>
    <SPM>-1</SPM>
    <CaloriesPerHour>0.0</CaloriesPerHour>
    <HR>-1</HR>
  </Stroke>
  <Stroke>
    <Time>5.1887016</Time>
    <Distance>1.7528086</Distance>
    <Split>0.0</Split>
    <Power>-1.0</Power>
    <SPM>-1</SPM>
    <CaloriesPerHour>0.0</CaloriesPerHour>
    <HR>-1</HR>
  </Stroke>
  <Stroke>
    <Time>7.47062</Time>
    <Distance>5.654314</Distance>
    <Split>0.0</Split>
    <Power>-1.0</Power>
    <SPM>-1</SPM>
    <CaloriesPerHour>0.0</CaloriesPerHour>
    <HR>-1</HR>
  </Stroke>
  <Stroke>
    <Time>15.123219</Time>
    <Distance>16.68804</Distance>
    <Split>0.0</Split>
    <Power>-1.0</Power>
    <SPM>-1</SPM>
    <CaloriesPerHour>0.0</CaloriesPerHour>
    <HR>-1</HR>
  </Stroke>
  <Stroke>
    <Time>16.753939</Time>
    <Distance>19.263655</Distance>
    <Split>0.0</Split>
    <Power>-1.0</Power>
    <SPM>-1</SPM>
    <CaloriesPerHour>0.0</CaloriesPerHour>
    <HR>-1</HR>
  </Stroke>
  <Stroke>
    <Time>17.166344</Time>
    <Distance>20.0</Distance>
    <Split>0.0</Split>
    <Power>-1.0</Power>
    <SPM>-1</SPM>
    <Calories>0.0</Calories>
    <HR>-1</HR>
  </Stroke>
</Session>