<?xml version="1.0" encoding="UTF-8"?>

<Session>
  <Rower>
    <Name>George P</Name>
  </Rower>
  <Details>
    <Date>2004-2-9-20:6:43</Date>
    <Type>1</Type>
    <Distance>100</Distance>
  </Details>
  <Stroke>
    <Time>0.0</Time>
    <Distance>0.0</Distance>
    <Split>0.0</Split>
    <Power>-1.0</Power>
    <SPM>-1</SPM>
    <CaloriesPerHour>0.0</CaloriesPerHour>
    <HR>-1</HR>
  </Stroke>
  <Stroke>
    <Time>7.743613</Time>
    <Distance>1.9197427</Distance>
    <Split>0.0</Split>
    <Power>-1.0</Power>
    <SPM>-1</SPM>
    <CaloriesPerHour>0.0</CaloriesPerHour>
    <HR>-1</HR>
  </Stroke>
  <Stroke>
    <Time>10.166952</Time>
    <Distance>6.114036</Distance>
    <Split>0.0</Split>
    <Power>-1.0</Power>
    <SPM>-1</SPM>
    <CaloriesPerHour>0.0</CaloriesPerHour>
    <HR>-1</HR>
  </Stroke>
  <Stroke>
    <Time>12.565298</Time>
    <Distance>10.588435</Distance>
    <Split>0.0</Split>
    <Power>-1.0</Power>
    <SPM>-1</SPM>
    <CaloriesPerHour>0.0</CaloriesPerHour>
    <HR>-1</HR>
  </Stroke>
  <Stroke>
    <Time>14.713981</Time>
    <Distance>14.8956995</Distance>
    <Split>0.0</Split>
    <Power>-1.0</Power>
    <SPM>-1</SPM>
    <CaloriesPerHour>0.0</CaloriesPerHour>
    <HR>-1</HR>
  </Stroke>
  <Stroke>
    <Time>16.975012</Time>
    <Distance>19.579885</Distance>
    <Split>0.0</Split>
    <Power>-1.0</Power>
    <SPM>-1</SPM>
    <CaloriesPerHour>0.0</CaloriesPerHour>
    <HR>-1</HR>
  </Stroke>
  <Stroke>
    <Time>19.16753</Time>
    <Distance>24.096525</Distance>
    <Split>0.0</Split>
    <Power>-1.0</Power>
    <SPM>-1</SPM>
    <CaloriesPerHour>0.0</CaloriesPerHour>
    <HR>-1</HR>
  </Stroke>
  <Stroke>
    <Time>21.200417</Time>
    <Distance>28.310444</Distance>
    <Split>0.0</Split>
    <Power>-1.0</Power>
    <SPM>-1</SPM>
    <CaloriesPerHour>0.0</CaloriesPerHour>
    <HR>-1</HR>
  </Stroke>
  <Stroke>
    <Time>23.305395</Time>
    <Distance>32.73236</Distance>
    <Split>0.0</Split>
    <Power>-1.0</Power>
    <SPM>-1</SPM>
    <CaloriesPerHour>0.0</CaloriesPerHour>
    <HR>-1</HR>
  </Stroke>
  <Stroke>
    <Time>25.325418</Time>
    <Distance>36.94421</Distance>
    <Split>0.0</Split>
    <Power>-1.0</Power>
    <SPM>-1</SPM>
    <CaloriesPerHour>0.0</CaloriesPerHour>
    <HR>-1</HR>
  </Stroke>
  <Stroke>
    <Time>27.330704</Time>
    <Distance>41.134056</Distance>
    <Split>0.0</Split>
    <Power>-1.0</Power>
    <SPM>-1</SPM>
    <CaloriesPerHour>0.0</CaloriesPerHour>
    <HR>-1</HR>
  </Stroke>
  <Stroke>
    <Time>29.37579</Time>
    <Distance>45.48337</Distance>
    <Split>0.0</Split>
    <Power>-1.0</Power>
    <SPM>-1</SPM>
    <CaloriesPerHour>0.0</CaloriesPerHour>
    <HR>-1</HR>
  </Stroke>
  <Stroke>
    <Time>31.317858</Time>
    <Distance>49.540676</Distance>
    <Split>0.0</Split>
    <Power>-1.0</Power>
    <SPM>-1</SPM>
    <CaloriesPerHour>0.0</CaloriesPerHour>
    <HR>-1</HR>
  </Stroke>
  <Stroke>
    <Time>33.316025</Time>
    <Distance>53.733513</Distance>
    <Split>0.0</Split>
    <Power>-1.0</Power>
    <SPM>-1</SPM>
    <CaloriesPerHour>0.0</CaloriesPerHour>
    <HR>-1</HR>
  </Stroke>
  <Stroke>
    <Time>35.264572</Time>
    <Distance>57.706417</Distance>
    <Split>0.0</Split>
    <Power>-1.0</Power>
    <SPM>-1</SPM>
    <CaloriesPerHour>0.0</CaloriesPerHour>
    <HR>-1</HR>
  </Stroke>
  <Stroke>
    <Time>37.122715</Time>
    <Distance>61.689575</Distance>
    <Split>0.0</Split>
    <Power>-1.0</Power>
    <SPM>-1</SPM>
    <CaloriesPerHour>0.0</CaloriesPerHour>
    <HR>-1</HR>
  </Stroke>
  <Stroke>
    <Time>39.063496</Time>
    <Distance>65.785904</Distance>
    <Split>0.0</Split>
    <Power>-1.0</Power>
    <SPM>-1</SPM>
    <CaloriesPerHour>0.0</CaloriesPerHour>
    <HR>-1</HR>
  </Stroke>
  <Stroke>
    <Time>40.92381</Time>
    <Distance>69.89052</Distance>
    <Split>0.0</Split>
    <Power>-1.0</Power>
    <SPM>-1</SPM>
    <CaloriesPerHour>0.0</CaloriesPerHour>
    <HR>-1</HR>
  </Stroke>
  <Stroke>
    <Time>45.44611</Time>
    <Distance>78.75323</Distance>
    <Split>0.0</Split>
    <Power>-1.0</Power>
    <SPM>-1</SPM>
    <CaloriesPerHour>0.0</CaloriesPerHour>
    <HR>-1</HR>
  </Stroke>
  <Stroke>
    <Time>47.270874</Time>
    <Distance>82.50853</Distance>
    <Split>0.0</Split>
    <Power>-1.0</Power>
    <SPM>-1</SPM>
    <CaloriesPerHour>0.0</CaloriesPerHour>
    <HR>-1</HR>
  </Stroke>
  <Stroke>
    <Time>49.227615</Time>
    <Distance>86.39734</Distance>
    <Split>0.0</Split>
    <Power>-1.0</Power>
    <SPM>-1</SPM>
    <CaloriesPerHour>0.0</CaloriesPerHour>
    <HR>-1</HR>
  </Stroke>
  <Stroke>
    <Time>51.25314</Time>
    <Distance>90.49162</Distance>
    <Split>0.0</Split>
    <Power>-1.0</Power>
    <SPM>-1</SPM>
    <CaloriesPerHour>0.0</CaloriesPerHour>
    <HR>-1</HR>
  </Stroke>
  <Stroke>
    <Time>56.650337</Time>
    <Distance>100.0</Distance>
    <Split>0.0</Split>
    <Power>-1.0</Power>
    <SPM>-1</SPM>
    <Calories>0.0</Calories>
    <HR>-1</HR>
  </Stroke>
</Session>